[
    {
        "name": "地点A",
        "lat": 33.5587218,
        "lng": 133.5290542,
        "yasai_cat": "茄子",
        "set_value": "1",
        "yasai_icon": "eggplant"
    },
    {
        "name": "地点B",
        "lat": 33.5570871,
        "lng": 133.5300218,
        "yasai_cat": "胡瓜",
        "set_value": "２",
        "yasai_icon": "cucumber"
    },
    {
        "name": "地点C",
        "lat": 33.5612665,
        "lng": 133.5330113,
        "yasai_cat": "トマト",
        "set_value": "1",
        "yasai_icon": "tomato"
    },
    {
        "name": "地点D",
        "lat": 33.5614465,
        "lng": 133.5350113,
        "yasai_cat": "トマト",
        "set_value": "1",
        "yasai_icon": "tomato"
    }
]